Date,Product Name,Region,Quantity Sold,Unit Price,Discount Percentage,Total Sales
2023-10-17,Monitor,South,35,132.25,20,3703.0
2022-04-25,Laptop,East,26,233.66,10,5467.644
2022-01-26,External Hard Drive,East,14,459.84,5,6115.871999999999
2022-10-09,Headphones,West,28,355.27,0,9947.56
2022-09-08,Smartphone,North,14,144.25,0,2019.5
2022-08-17,USB-C Cable,South,32,413.52,0,13232.64
2022-05-23,Smartphone,West,18,257.51,15,3939.9030000000002
2022-04-15,Laptop,East,21,321.35,20,5398.68
2023-11-24,Wireless Mouse,East,19,70.7,0,1343.3
2023-07-13,Smartphone,West,22,24.98,20,439.6480000000001
2022-03-31,USB-C Cable,North,36,192.51,0,6930.36
2023-08-28,Smartwatch,South,37,301.08,15,9468.965999999999
2023-03-09,Smartwatch,East,9,97.02,10,785.862
2022-02-02,USB-C Cable,West,37,436.54,20,12921.584000000003
2022-01-31,Printer,East,32,297.57,10,8570.016
2022-04-06,Laptop,East,22,181.38,15,3391.8059999999996
2022-08-12,Printer,South,44,90.12,20,3172.224
2022-08-27,USB-C Cable,North,49,448.3,10,19770.030000000002
2023-06-02,Monitor,North,4,376.99,15,1281.766
2023-09-09,USB-C Cable,South,3,347.54,5,990.489
2022-01-28,External Hard Drive,West,7,149.68,20,838.2080000000001
2023-07-29,External Hard Drive,West,41,199.42,10,7358.598
2022-07-23,Printer,North,30,89.82,15,2290.41
2023-10-28,Printer,East,2,290.41,5,551.779
2023-12-20,Laptop,East,8,482.81,20,3089.9840000000004
2023-07-13,Smartwatch,West,11,429.98,5,4493.291
2023-03-06,Wireless Mouse,South,29,327.22,0,9489.380000000001
2022-08-14,Monitor,East,30,342.07,20,8209.68
2023-04-05,Keyboard,West,1,141.85,15,120.57249999999999
2023-08-27,Smartwatch,South,28,210.66,15,5013.708
2022-10-12,USB-C Cable,North,13,19.83,20,206.23199999999997
2022-01-07,Wireless Mouse,South,45,392.35,0,17655.75
2022-06-13,Laptop,North,9,386.11,20,2779.992
2023-12-16,Headphones,West,42,14.36,10,542.808
2023-03-09,Smartwatch,South,20,456.64,15,7762.879999999999
2022-12-15,Smartwatch,West,11,327.21,5,3419.3444999999997
2022-10-12,Wireless Mouse,North,18,304.56,15,4659.768
2022-06-09,USB-C Cable,East,6,14.15,0,84.9
2022-08-09,Smartwatch,East,42,133.67,20,4491.312
2022-12-11,Wireless Mouse,North,24,404.49,15,8251.596
2022-04-15,Smartphone,East,17,159.68,10,2443.104
2022-04-05,Printer,East,6,483.84,0,2903.04
2023-01-25,External Hard Drive,South,24,324.94,0,7798.5599999999995
2022-04-10,Printer,South,43,217.67,5,8891.8195
2023-01-03,USB-C Cable,East,42,194.47,15,6942.579
2022-12-19,Smartphone,South,11,180.87,20,1591.6560000000002
2023-09-11,Smartwatch,North,4,133.48,0,533.92
2022-09-28,Monitor,South,26,238.68,10,5585.112
2022-02-14,Printer,South,41,341.83,10,12613.527
2023-04-16,Laptop,South,20,413.91,20,6622.560000000001
2023-07-04,Printer,West,47,204.6,10,8654.58
2022-05-08,Keyboard,North,45,60.13,5,2570.5575
2023-01-23,Monitor,East,49,260.64,20,10217.088
2022-03-22,Keyboard,East,15,334.55,10,4516.425
2023-07-20,Keyboard,West,28,423.21,5,11257.385999999999
2022-10-28,Laptop,South,42,193.37,10,7309.386
2023-10-06,Smartphone,North,6,327.2,15,1668.7199999999998
2023-09-26,Keyboard,North,46,308.43,20,11350.224000000002
2023-01-06,Monitor,East,7,156.25,10,984.375
2023-08-15,Printer,West,1,62.97,10,56.673
2022-07-16,USB-C Cable,West,14,41.28,5,549.024
2023-12-23,Monitor,West,31,494.3,15,13024.805
2022-03-13,External Hard Drive,West,5,323.89,15,1376.5324999999998
2022-02-16,Wireless Mouse,North,9,432.13,5,3694.7115
2023-11-09,Printer,South,38,137.96,15,4456.108
2022-08-22,Laptop,East,15,358.44,10,4838.9400000000005
2022-10-24,Keyboard,North,34,447.26,10,13686.156
2022-03-23,USB-C Cable,West,44,156.41,15,5849.7339999999995
2022-08-27,Keyboard,West,29,83.47,10,2178.567
2022-04-14,Laptop,East,1,385.08,15,327.318
2023-01-25,Monitor,South,1,450.85,5,428.3075
2022-10-12,External Hard Drive,South,45,404.66,20,14567.760000000002
2023-04-10,Wireless Mouse,South,22,403.16,5,8426.044
2023-10-13,External Hard Drive,West,8,304.02,20,1945.728
2023-01-09,Printer,North,28,333.66,5,8875.356000000002
2022-06-16,Monitor,North,45,343.57,0,15460.65
2023-01-15,Wireless Mouse,South,9,363.43,10,2943.783
2022-12-30,Headphones,East,31,331.15,5,9752.367499999998
2022-08-03,External Hard Drive,South,5,498.76,20,1995.0400000000002
2023-11-18,Keyboard,South,15,137.12,15,1748.2800000000002
2022-10-01,Smartwatch,East,25,215.1,15,4570.875
2023-12-20,Printer,South,6,200.25,5,1141.425
2023-12-01,Printer,East,47,27.31,5,1219.3915
2023-10-26,Wireless Mouse,East,7,356.95,5,2373.7175
2022-03-15,Headphones,North,7,290.3,15,1727.285
2023-09-16,USB-C Cable,East,21,103.06,0,2164.26
2023-10-13,External Hard Drive,South,24,366.01,5,8345.028
2022-06-25,Smartphone,East,20,118.96,15,2022.3199999999997
2023-07-01,USB-C Cable,South,9,271.97,15,2080.5705000000003
2022-09-08,Printer,East,25,394.6,5,9371.75
2022-06-17,Printer,North,50,454.2,20,18168.0
2023-04-19,Laptop,South,49,339.22,20,13297.424000000003
2023-01-24,Wireless Mouse,South,9,258.58,10,2094.498
2022-10-04,Smartwatch,South,42,424.26,15,15146.081999999999
2023-10-18,Headphones,East,44,421.91,10,16707.636000000002
2023-12-06,Smartphone,North,10,439.48,10,3955.32
2023-07-25,USB-C Cable,North,5,98.76,20,395.04
2022-08-13,External Hard Drive,North,34,57.83,20,1572.976
2023-12-03,Wireless Mouse,North,37,72.69,0,2689.5299999999997
2022-11-29,External Hard Drive,East,1,136.74,15,116.229
2022-02-27,Monitor,South,40,406.09,0,16243.599999999999
2022-08-23,Laptop,West,42,383.83,5,15314.816999999997
2022-02-02,Headphones,North,11,99.7,0,1096.7
2022-11-20,Laptop,West,29,343.06,5,9451.303
2023-02-15,Printer,East,23,174.46,10,3611.3220000000006
2022-10-02,Laptop,East,47,53.76,15,2147.712
2022-03-09,Smartphone,West,14,184.09,0,2577.26
2022-08-05,Printer,South,41,374.66,15,13056.901000000002
2023-08-04,USB-C Cable,West,48,160.47,10,6932.304
2022-11-19,External Hard Drive,East,10,396.16,10,3565.4400000000005
2022-08-06,USB-C Cable,West,27,172.35,10,4188.105
2023-11-03,Monitor,North,40,137.67,10,4956.12
2023-05-27,Printer,North,44,154.09,20,5423.968000000001
2023-02-10,Printer,South,29,427.09,20,9908.488
2023-10-21,Headphones,West,14,240.56,10,3031.056
2023-04-15,Printer,West,6,434.53,10,2346.462
2022-05-27,External Hard Drive,West,7,295.95,0,2071.65
2022-09-29,Smartphone,West,9,472.71,15,3616.2314999999994
2022-05-23,Monitor,South,49,44.9,0,2200.1
2022-09-10,Headphones,East,8,445.82,10,3209.904
2023-07-29,Smartwatch,South,38,255.23,20,7758.992
2023-07-06,External Hard Drive,East,47,435.07,5,19425.8755
2022-09-27,Smartphone,East,25,197.02,20,3940.4
2023-08-22,Laptop,East,23,156.19,20,2873.896
2023-03-15,USB-C Cable,West,28,36.49,20,817.3760000000001
2023-08-21,Monitor,South,21,428.58,5,8550.171
2023-02-13,Keyboard,East,9,77.31,10,626.211
2023-01-06,External Hard Drive,North,16,108.15,10,1557.3600000000001
2022-08-13,USB-C Cable,East,18,210.5,10,3410.1
2022-05-22,Wireless Mouse,South,42,289.01,20,9710.736
2023-06-06,USB-C Cable,West,6,454.24,15,2316.624
2023-05-21,USB-C Cable,North,16,234.21,15,3185.256
2022-04-04,Smartwatch,East,36,165.03,0,5941.08
2022-02-18,Smartwatch,West,39,360.68,15,11956.542
2022-04-23,Printer,South,39,391.68,20,12220.416000000001
2022-06-06,Smartphone,South,47,248.91,10,10528.893
2023-10-05,Printer,North,39,319.21,15,10581.811499999998
2022-06-13,External Hard Drive,North,19,96.64,5,1744.352
2023-11-28,Printer,East,50,320.9,5,15242.749999999998
2023-03-09,Keyboard,West,45,12.31,10,498.55500000000006
2023-09-03,Keyboard,West,2,144.03,15,244.851
2022-03-07,External Hard Drive,South,43,382.98,20,13174.512
2023-01-30,External Hard Drive,South,20,92.62,20,1481.92
2023-01-26,Monitor,East,14,384.6,15,4576.740000000001
2023-09-03,Printer,East,34,249.89,0,8496.26
2023-04-25,Keyboard,South,39,384.15,0,14981.849999999999
2023-06-26,Headphones,South,33,53.14,5,1665.939
2022-09-15,Headphones,West,13,311.1,10,3639.8700000000003
2023-07-21,Smartwatch,West,48,320.41,5,14610.696
2022-01-12,Monitor,West,26,207.66,10,4859.244
2023-11-28,Headphones,East,19,483.01,10,8259.471000000001
2022-04-28,Monitor,West,42,197.83,10,7477.974000000001
2023-11-30,Wireless Mouse,North,4,28.49,10,102.564
2023-07-04,Keyboard,North,16,107.71,20,1378.688
2022-10-01,Printer,West,32,192.82,15,5244.704
2023-10-19,Monitor,West,25,16.9,10,380.24999999999994
2022-12-15,Monitor,South,8,167.88,15,1141.5839999999998
2022-04-25,Smartphone,South,16,418.28,10,6023.232
2022-10-28,Printer,East,32,103.38,20,2646.5280000000002
2023-03-22,Wireless Mouse,North,41,341.61,20,11204.808
2022-06-11,Smartphone,North,39,317.08,15,10511.202
2023-04-10,External Hard Drive,East,5,131.92,15,560.6599999999999
2022-01-04,Smartwatch,West,34,349.83,5,11299.508999999998
2022-09-27,Keyboard,West,1,178.73,5,169.7935
2023-05-28,Laptop,East,24,73.18,0,1756.3200000000002
2022-07-02,Printer,North,21,197.94,5,3948.903
2023-06-04,Laptop,North,9,298.45,5,2551.7474999999995
2022-04-19,External Hard Drive,West,25,91.84,10,2066.4
2023-10-03,Printer,South,37,413.68,0,15306.16
2022-11-02,Wireless Mouse,East,27,156.12,5,4004.4779999999996
2023-10-17,Smartphone,East,24,152.51,5,3477.2279999999996
2023-06-04,Monitor,West,35,366.64,15,10907.539999999999
2023-09-16,Smartphone,East,44,302.22,0,13297.68
2022-07-23,Laptop,North,12,175.54,0,2106.48
2022-06-06,Printer,West,49,445.11,0,21810.39
2023-01-18,USB-C Cable,North,31,497.78,15,13116.502999999999
2022-06-15,Keyboard,South,50,177.94,20,7117.6
2023-07-07,Smartwatch,East,5,451.68,0,2258.4
2023-06-28,Monitor,East,2,186.03,0,372.06
2022-01-01,Laptop,North,38,102.33,15,3305.259
2023-09-06,Keyboard,West,5,474.56,20,1898.2400000000002
2022-11-28,External Hard Drive,West,1,459.92,0,459.92
2023-05-16,Monitor,East,17,207.66,0,3530.22
2022-01-20,Keyboard,North,14,121.92,10,1536.1920000000002
2022-04-25,Printer,South,3,366.31,20,879.1440000000001
2023-01-07,External Hard Drive,North,4,74.29,5,282.302
2022-11-11,Wireless Mouse,West,26,369.7,0,9612.199999999999
2022-09-03,Smartwatch,East,33,298.95,15,8385.5475
2022-03-01,Laptop,East,19,92.8,10,1586.88
2022-09-04,Headphones,East,41,189.63,5,7386.0885
2023-08-04,USB-C Cable,South,46,328.76,5,14366.811999999998
2022-03-22,Headphones,South,33,28.31,10,840.8069999999999
2022-03-29,Laptop,West,50,439.51,15,18679.175
2023-05-13,Monitor,North,27,135.34,5,3471.471
2022-03-12,Laptop,North,28,272.02,5,7235.731999999999
2023-06-30,Laptop,North,45,33.81,20,1217.16
2022-05-09,Printer,South,26,497.39,5,12285.533
2022-05-12,Smartphone,East,6,334.37,0,2006.22
2023-11-07,USB-C Cable,West,41,330.25,0,13540.25
2023-05-02,Wireless Mouse,West,35,19.67,10,619.605
2023-07-17,Wireless Mouse,South,35,347.98,10,10961.37
2022-06-19,Keyboard,South,40,214.22,15,7283.48
2022-09-29,Wireless Mouse,East,10,196.32,15,1668.7199999999998
2023-06-25,USB-C Cable,East,18,278.17,20,4005.6480000000006
2023-09-14,Keyboard,South,6,242.45,10,1309.2299999999998
2023-03-10,Keyboard,West,20,85.03,20,1360.48
2022-08-05,Monitor,East,6,350.64,15,1788.2640000000001
2023-07-07,Smartphone,East,33,318.85,5,9995.9475
2023-12-08,Headphones,West,14,157.55,20,1764.5600000000004
2022-07-25,External Hard Drive,East,10,334.22,5,3175.09
2024-01-01,Monitor,West,35,334.62,20,9369.36
2022-11-16,Smartwatch,North,21,142.29,20,2390.4719999999998
2023-02-13,Smartphone,East,26,306.76,15,6779.396
2023-11-19,Smartphone,East,38,77.21,20,2347.1839999999997
2023-10-28,Smartphone,North,41,417.02,15,14533.146999999999
2023-01-18,Laptop,West,49,61.41,20,2407.272
2023-03-25,Smartwatch,East,42,362.2,20,12169.92
2023-06-14,Monitor,North,44,67.69,10,2680.524
2023-04-08,Smartwatch,West,42,65.87,10,2489.886
2022-05-04,Headphones,East,5,62.07,15,263.7975
2022-09-11,Printer,South,20,107.34,20,1717.4400000000003
2022-08-19,Smartwatch,North,45,107.88,5,4611.869999999999
2022-03-07,Smartphone,West,28,138.87,0,3888.36
2022-12-13,Headphones,South,47,266.34,15,10640.283
2022-01-22,Printer,West,16,108.82,10,1567.008
2023-08-26,USB-C Cable,South,4,354.68,10,1276.848
2023-07-22,Printer,South,16,154.72,15,2104.192
2022-08-24,USB-C Cable,North,6,29.31,10,158.274
2023-08-26,Wireless Mouse,North,28,253.21,5,6735.3859999999995
2022-08-14,Printer,South,8,111.77,10,804.744
2022-01-08,USB-C Cable,North,30,467.23,0,14016.900000000001
2022-03-14,External Hard Drive,West,40,172.0,0,6880.0
2023-12-26,Smartphone,East,39,11.34,20,353.808
2023-10-09,Laptop,West,4,339.1,5,1288.58
2022-03-02,Printer,South,20,454.37,10,8178.66
2022-08-23,Keyboard,West,43,419.26,10,16225.362000000001
2022-03-11,Smartwatch,South,48,337.82,15,13783.056
2022-02-02,USB-C Cable,West,43,83.08,20,2857.952
2022-12-05,Monitor,West,48,54.14,0,2598.7200000000003
2022-03-14,USB-C Cable,North,12,260.74,15,2659.5480000000002
2023-06-11,Printer,South,8,364.55,15,2478.94
2022-09-01,USB-C Cable,South,1,59.63,10,53.667
2022-10-13,Headphones,East,46,135.39,0,6227.94
2023-11-17,Monitor,West,9,123.27,15,943.0155
2023-05-13,Printer,West,45,494.45,10,20025.225000000002
2022-08-08,Laptop,East,1,155.05,20,124.04000000000002
2023-07-07,Headphones,South,11,237.5,5,2481.875
2022-05-16,Monitor,West,32,58.91,0,1885.12
2023-08-08,Smartwatch,East,23,95.6,20,1759.04
2023-08-14,Keyboard,East,34,29.33,10,897.4979999999999
2023-04-30,Smartwatch,East,34,152.38,5,4921.874
2022-09-06,USB-C Cable,West,47,402.78,15,16091.061
2023-04-30,USB-C Cable,South,17,163.23,20,2219.928
2023-02-21,Wireless Mouse,South,11,371.88,15,3477.078
2022-07-14,Monitor,East,24,56.55,15,1153.62
2022-04-07,USB-C Cable,East,9,381.52,5,3261.9959999999996
2022-04-10,Wireless Mouse,South,48,32.49,5,1481.5439999999999
2023-11-06,Smartwatch,East,50,427.48,15,18167.899999999998
2023-03-18,Wireless Mouse,East,18,335.04,15,5126.112
2022-12-29,Smartwatch,South,47,93.55,5,4177.0075
2023-03-10,Printer,West,8,185.19,10,1333.368
2023-02-25,USB-C Cable,East,50,224.48,0,11224.0
2023-04-24,Headphones,West,2,314.69,15,534.973
2022-02-25,Smartwatch,East,22,440.45,5,9205.404999999999
2023-11-21,Keyboard,East,28,55.55,20,1244.32
2023-11-01,Headphones,East,18,409.33,20,5894.352
2023-10-24,Headphones,North,34,99.61,10,3048.066
2022-04-11,Smartwatch,West,5,206.38,10,928.7100000000002
2022-03-04,USB-C Cable,West,17,481.53,20,6548.808
2023-02-17,Smartphone,East,46,143.2,10,5928.48
2022-12-14,Laptop,South,37,199.0,15,6258.55
2022-04-22,Wireless Mouse,East,41,426.83,5,16625.028499999997
2022-09-12,USB-C Cable,North,5,401.95,0,2009.75
2022-07-16,Printer,East,32,327.93,5,9969.072
2022-07-14,Wireless Mouse,North,30,400.49,5,11413.965
2023-07-04,Smartwatch,East,33,65.4,10,1942.3800000000003
2023-04-05,Keyboard,West,24,351.12,0,8426.880000000001
2022-05-24,Smartphone,East,4,38.74,15,131.716
2023-03-09,Laptop,West,32,471.81,20,12078.336000000001
2022-07-07,USB-C Cable,South,37,88.1,15,2770.745
2022-10-13,Keyboard,South,11,213.85,10,2117.115
2023-04-19,Monitor,East,24,299.47,20,5749.8240000000005
2022-09-13,Smartphone,East,11,403.11,15,3769.0785
2022-03-19,Headphones,South,17,342.41,5,5529.9215
2023-03-30,Smartphone,North,50,98.82,10,4446.900000000001
2023-07-18,External Hard Drive,South,7,196.08,0,1372.5600000000002
2022-04-11,Keyboard,South,37,185.71,5,6527.7065
2022-02-21,External Hard Drive,North,44,24.12,0,1061.28
2023-10-30,External Hard Drive,South,47,345.39,20,12986.664
2023-07-08,USB-C Cable,South,8,420.88,0,3367.04
2022-01-16,Smartphone,North,15,486.99,5,6939.6075
2022-04-06,USB-C Cable,North,48,74.02,0,3552.96
2022-08-31,Printer,West,33,461.0,10,13691.7
2022-06-20,USB-C Cable,East,1,65.34,10,58.806000000000004
2023-02-21,Keyboard,West,3,211.53,5,602.8605
2023-05-13,Laptop,North,1,32.53,15,27.6505
2023-05-08,Printer,South,16,138.19,0,2211.04
2022-08-07,Laptop,North,3,163.98,5,467.3429999999999
2023-02-15,Smartphone,South,31,355.24,0,11012.44
2022-03-02,Headphones,West,24,342.19,5,7801.931999999999
2022-06-18,Monitor,West,25,386.09,0,9652.25
2023-01-24,External Hard Drive,West,10,292.56,15,2486.7599999999998
2022-01-03,Keyboard,South,12,286.86,5,3270.204
2023-02-04,Laptop,East,3,489.17,10,1320.759
2022-09-29,Monitor,East,36,338.22,15,10349.532000000001
2023-04-11,Wireless Mouse,East,46,175.77,10,7276.878000000001
2022-10-20,USB-C Cable,North,48,266.32,15,10865.856
2023-03-10,External Hard Drive,North,42,353.28,10,13353.983999999999
2023-12-15,Laptop,South,27,56.67,15,1300.5765000000001
2023-07-24,Printer,North,15,334.24,0,5013.6
2023-11-09,Keyboard,South,21,131.8,10,2491.0200000000004
2023-05-14,USB-C Cable,West,16,179.42,0,2870.72
2022-06-08,Smartwatch,South,27,341.38,5,8756.396999999999
2022-07-14,Monitor,North,47,198.59,0,9333.73
2022-10-31,Keyboard,West,21,421.13,10,7959.357
2022-08-11,Laptop,West,18,283.59,15,4338.927
2022-03-01,Headphones,South,5,494.02,0,2470.1
2023-08-17,Printer,East,37,36.74,20,1087.5040000000001
2023-07-10,Wireless Mouse,North,24,325.27,15,6635.508
2022-03-04,Smartwatch,North,8,86.89,5,660.3639999999999
2022-11-18,External Hard Drive,East,33,425.93,5,13352.9055
2022-02-28,Keyboard,North,44,427.42,10,16925.832
2022-02-21,Smartwatch,East,4,436.01,15,1482.434
2023-08-22,Headphones,East,12,46.68,0,560.16
2023-05-04,Laptop,West,15,250.91,0,3763.65
2023-05-30,Printer,West,34,128.04,5,4135.691999999999
2023-06-28,USB-C Cable,South,3,485.37,15,1237.6935
2022-06-11,Monitor,West,26,34.67,15,766.207
2022-02-28,Laptop,East,5,119.13,5,565.8675
2023-06-05,Smartphone,South,30,325.23,0,9756.900000000001
2022-03-24,Wireless Mouse,North,19,207.61,5,3747.3605
2022-07-10,Wireless Mouse,East,50,125.15,15,5318.875
2022-03-12,USB-C Cable,South,20,234.96,0,4699.2
2023-09-02,Printer,West,21,402.62,20,6764.0160000000005
2022-03-11,Laptop,East,6,229.57,5,1308.549
2023-11-23,Laptop,South,36,429.73,15,13149.738
2022-08-29,Headphones,North,30,229.06,15,5841.03
2023-02-18,External Hard Drive,East,1,68.17,10,61.353
2022-05-03,Smartphone,East,24,253.71,10,5480.136
2023-08-07,Monitor,South,13,330.15,5,4077.3524999999995
2022-09-10,Printer,South,19,60.3,0,1145.7
2023-08-16,Keyboard,West,37,212.05,20,6276.68
2023-09-01,External Hard Drive,West,20,282.99,20,4527.84
2022-02-10,Monitor,East,48,10.08,0,483.84000000000003
2023-09-27,Smartwatch,North,40,54.54,10,1963.44
2022-03-25,Smartphone,West,16,306.06,15,4162.416
2023-03-06,Monitor,North,30,313.34,10,8460.179999999998
2023-11-05,Laptop,South,24,159.25,5,3630.8999999999996
2023-08-21,Printer,South,38,259.09,10,8860.877999999999
2023-08-02,Smartwatch,West,32,111.36,0,3563.52
2023-06-20,Monitor,East,50,339.02,5,16103.449999999999
2022-11-20,USB-C Cable,South,50,475.67,0,23783.5
2022-09-25,Wireless Mouse,North,13,188.04,5,2322.294
2022-07-29,Keyboard,East,47,36.59,15,1461.7705
2023-11-17,Headphones,West,35,119.23,10,3755.7450000000003
2022-11-18,Printer,South,49,232.69,0,11401.81
2022-09-02,Printer,West,16,284.47,5,4323.944
2022-09-29,Headphones,East,10,313.68,10,2823.1200000000003
2023-02-10,Keyboard,East,1,241.84,20,193.472
2022-05-15,Laptop,East,27,332.01,0,8964.27
2023-11-19,Keyboard,North,2,360.8,15,613.36
2023-10-23,External Hard Drive,East,15,65.87,5,938.6475
2022-11-04,Keyboard,East,35,382.07,0,13372.449999999999
2023-04-14,Wireless Mouse,South,23,118.66,0,2729.18
2022-11-20,Monitor,North,41,177.26,20,5814.128000000001
2022-03-16,USB-C Cable,North,45,416.64,15,15936.48
2022-01-10,Headphones,West,1,482.57,20,386.05600000000004
2023-04-15,Laptop,East,22,153.07,5,3199.163
2023-09-29,Printer,South,1,265.77,10,239.19299999999998
2023-07-31,Laptop,West,49,354.03,0,17347.469999999998
2022-04-13,Headphones,East,43,32.43,5,1324.7655
2022-03-17,Smartwatch,North,25,90.44,5,2147.95
2023-07-05,Wireless Mouse,East,48,78.82,15,3215.8559999999998
2022-08-07,Wireless Mouse,East,47,361.26,0,16979.22
2023-06-03,Keyboard,South,20,363.56,20,5816.96
2022-09-29,Headphones,South,7,62.41,10,393.183
2022-05-16,Smartphone,South,14,309.32,0,4330.48
2022-12-24,Smartwatch,West,34,101.9,0,3464.6000000000004
2022-03-12,Headphones,South,16,465.81,10,6707.664
2022-09-08,Laptop,West,27,202.52,5,5194.638
2023-01-14,External Hard Drive,East,32,233.95,20,5989.12
2022-10-19,Headphones,West,4,392.9,0,1571.6
2022-06-11,Smartwatch,West,10,361.23,5,3431.685
2023-03-25,Headphones,South,46,62.81,15,2455.871
2023-07-11,Headphones,South,18,213.09,5,3643.839
2023-12-22,Keyboard,North,6,464.05,10,2505.8700000000003
2022-11-06,Smartphone,West,3,420.36,20,1008.864
2023-09-19,Smartwatch,East,15,298.52,10,4030.0199999999995
2023-11-01,Wireless Mouse,North,34,388.35,15,11223.315
2023-06-26,USB-C Cable,North,27,230.75,5,5918.737499999999
2022-01-09,Smartphone,North,45,332.64,0,14968.8
2023-11-15,Smartphone,South,24,478.53,15,9762.011999999999
2023-07-22,External Hard Drive,South,30,75.97,10,2051.19
2022-11-03,USB-C Cable,South,48,254.43,5,11602.008
2023-11-11,Smartphone,East,6,269.88,10,1457.352
2022-04-17,Laptop,West,38,33.8,0,1284.3999999999999
2022-05-18,Wireless Mouse,North,7,468.3,15,2786.3849999999998
2022-09-28,Smartphone,South,33,421.02,15,11809.610999999999
2022-04-29,Wireless Mouse,West,9,246.64,20,1775.808
2022-04-20,Keyboard,North,41,259.08,10,9560.052
2023-07-21,Headphones,West,26,461.37,20,9596.496000000001
2022-06-09,Smartwatch,North,5,96.83,15,411.5275
2022-10-06,Keyboard,West,38,293.49,5,10594.989
2022-10-16,Wireless Mouse,South,37,367.94,20,10891.024000000001
2023-09-12,Smartphone,West,4,72.91,5,277.058
2022-08-04,USB-C Cable,West,28,199.83,20,4476.192000000001
2022-12-18,Wireless Mouse,North,43,304.27,10,11775.249
2022-07-28,Smartphone,West,9,442.52,10,3584.412
2023-12-05,Monitor,East,16,257.01,15,3495.336
2023-10-12,External Hard Drive,North,19,198.48,10,3394.008
2022-09-28,Laptop,West,17,489.96,20,6663.456
2023-06-02,Laptop,East,21,458.8,20,7707.840000000001
2023-05-16,Printer,North,26,383.56,5,9473.931999999999
2022-09-15,Printer,South,45,144.06,0,6482.7
2022-02-22,Keyboard,North,48,482.16,20,18514.944
2022-04-05,External Hard Drive,North,21,485.54,5,9686.523
2023-10-12,Smartwatch,West,21,231.89,15,4139.2365
2023-03-10,Laptop,East,29,75.35,10,1966.6349999999998
2022-10-11,Printer,North,18,212.25,10,3438.4500000000003
2022-02-15,External Hard Drive,North,15,353.01,20,4236.12
2022-01-04,Headphones,North,5,376.73,10,1695.285
2022-12-08,Smartwatch,West,13,156.47,15,1728.9934999999998
2022-05-14,Wireless Mouse,North,9,353.73,0,3183.57
2023-10-15,External Hard Drive,East,50,431.75,20,17270.0
2022-09-26,USB-C Cable,West,50,358.82,15,15249.85
2022-06-15,Printer,South,38,468.4,5,16909.24
2023-03-29,Wireless Mouse,South,7,319.97,0,2239.79
2023-07-19,Wireless Mouse,West,10,108.44,20,867.5200000000001
2023-12-24,Printer,East,7,315.84,10,1989.7919999999997
2023-03-14,Monitor,West,11,152.38,20,1340.944
2023-07-29,Monitor,West,29,179.19,5,4936.6845
2022-01-10,Laptop,West,30,339.46,10,9165.42
2022-04-25,Printer,West,21,490.85,0,10307.85
2022-03-19,Printer,North,27,328.54,20,7096.464
2023-12-09,Laptop,South,8,479.58,15,3261.144
2022-06-02,Laptop,East,35,256.91,5,8542.2575
2023-07-13,Keyboard,North,23,350.21,20,6443.8640000000005
2022-02-06,Smartwatch,South,50,167.97,15,7138.724999999999
2023-01-14,Smartphone,West,14,66.55,20,745.36
2023-08-20,Laptop,South,29,182.6,5,5030.629999999999
2023-07-20,Smartphone,South,20,245.38,20,3926.0800000000004
2022-06-01,USB-C Cable,North,30,289.61,10,7819.470000000001
2023-03-17,Smartwatch,North,17,336.91,10,5154.723
2022-05-11,Smartwatch,East,8,214.56,15,1459.008
2022-02-12,External Hard Drive,West,6,376.46,10,2032.8839999999998
2022-11-12,Keyboard,West,11,422.28,0,4645.08
2023-01-09,Monitor,West,44,150.1,0,6604.4
2022-02-10,Smartwatch,South,20,425.18,20,6802.880000000001
2023-01-02,External Hard Drive,South,46,406.07,0,18679.22
2022-08-04,USB-C Cable,West,45,266.14,0,11976.3
2023-11-30,Printer,East,39,22.38,5,829.1789999999999
2022-09-13,External Hard Drive,South,3,81.21,5,231.4485
2023-11-14,Smartwatch,East,14,338.42,0,4737.88
2022-04-16,Monitor,South,21,107.95,5,2153.6025
2022-12-29,Laptop,North,10,377.59,0,3775.8999999999996
2023-07-28,Laptop,North,6,88.86,15,453.186
2023-02-21,External Hard Drive,West,46,150.44,5,6574.227999999999
2023-09-28,Headphones,North,16,132.77,0,2124.32
2022-06-08,Monitor,South,23,421.3,0,9689.9
2022-08-31,Printer,South,26,348.39,20,7246.512
2022-06-16,Headphones,North,33,154.62,15,4337.091
2022-07-01,Monitor,North,4,379.26,15,1289.484
2023-02-27,Keyboard,North,44,25.83,20,909.216
2022-01-26,Printer,West,20,408.87,20,6541.92
2022-07-03,Monitor,North,17,60.22,20,818.9920000000001
2022-12-07,Monitor,South,12,435.34,10,4701.6720000000005
2023-02-26,Laptop,North,2,372.35,0,744.7
2023-11-17,Keyboard,West,26,433.77,10,10150.218
2022-09-12,Monitor,West,29,373.78,5,10297.639
2022-10-01,Keyboard,South,36,285.02,20,8208.576
2022-06-13,USB-C Cable,South,48,126.42,0,6068.16
2023-12-20,Keyboard,North,36,394.31,0,14195.16
2022-04-21,Smartphone,South,16,401.42,5,6101.584
2023-01-27,Printer,East,7,150.94,15,898.093
2022-02-09,Laptop,South,30,335.6,0,10068.0
2023-04-27,Laptop,East,7,463.98,15,2760.681
2022-08-16,Laptop,East,9,199.9,0,1799.1000000000001
2022-07-24,Laptop,South,8,478.78,10,3447.216
2023-04-17,Monitor,East,1,488.15,20,390.52
2022-12-25,Laptop,South,4,163.2,15,554.88
2022-11-09,Keyboard,South,50,280.54,10,12624.300000000001
2022-08-22,Smartphone,West,15,16.35,0,245.25000000000003
2022-08-17,External Hard Drive,East,9,133.16,20,958.7520000000001
2022-01-25,Wireless Mouse,East,13,314.08,10,3674.736
2023-11-07,Smartwatch,North,26,392.65,20,8167.12
2022-07-17,External Hard Drive,South,24,436.36,0,10472.64
2023-02-13,External Hard Drive,West,44,416.69,0,18334.36
2022-12-03,Keyboard,West,41,456.63,10,16849.646999999997
2022-10-13,Laptop,North,42,355.27,0,14921.34
2022-03-13,Monitor,East,6,327.34,5,1865.838
2022-10-13,Keyboard,West,38,380.0,20,11552.0
2022-12-26,Monitor,East,38,277.84,0,10557.919999999998
2023-10-19,Wireless Mouse,West,17,305.66,0,5196.22
2023-06-06,USB-C Cable,West,5,390.31,5,1853.9724999999999
2023-02-14,Smartwatch,South,2,482.5,20,772.0
2023-11-27,USB-C Cable,East,5,154.15,15,655.1374999999999
2023-07-04,Keyboard,West,13,96.94,5,1197.209
2022-12-06,Laptop,South,42,344.5,5,13745.55
2022-01-29,Smartwatch,West,29,101.62,20,2357.5840000000003
2022-04-29,External Hard Drive,South,9,95.16,5,813.6179999999999
2022-09-25,Headphones,South,6,261.78,20,1256.5439999999999
2022-07-02,Smartphone,East,22,194.83,5,4071.947
2023-08-18,Printer,South,8,219.97,20,1407.808
2022-09-29,Headphones,West,3,282.73,20,678.5520000000001
2022-02-09,Laptop,North,30,73.73,15,1880.115
2022-04-22,Keyboard,West,4,296.15,0,1184.6
2023-09-03,External Hard Drive,West,11,134.96,20,1187.6480000000001
2023-03-21,Keyboard,South,37,171.98,10,5726.933999999999
2022-12-20,Laptop,West,28,357.75,15,8514.449999999999
2022-11-18,USB-C Cable,South,47,85.85,15,3429.7075
2023-03-23,Smartwatch,East,26,85.31,0,2218.06
2023-09-13,Headphones,South,32,168.09,5,5109.936
2023-06-08,Monitor,East,2,34.92,5,66.348
2022-04-29,External Hard Drive,North,25,466.87,20,9337.4
2023-01-30,Smartwatch,West,44,311.65,15,11655.71
2023-08-14,Smartwatch,East,28,334.33,20,7488.992
2022-07-14,External Hard Drive,North,12,250.37,10,2703.996
2022-09-18,Wireless Mouse,South,23,290.61,5,6349.8285000000005
2022-02-15,Smartwatch,North,14,185.46,20,2077.152
2023-12-27,USB-C Cable,East,12,394.18,20,3784.128
2023-03-23,Wireless Mouse,West,18,165.75,15,2535.975
2022-01-02,Smartphone,North,18,117.78,10,1908.036
2023-06-17,USB-C Cable,North,29,100.1,10,2612.6099999999997
2023-07-06,USB-C Cable,South,10,43.41,20,347.28
2023-12-05,Keyboard,South,3,257.52,10,695.304
2023-11-18,Keyboard,West,40,213.81,10,7697.16
2022-07-21,Wireless Mouse,South,40,273.15,15,9287.1
2023-01-08,Smartphone,East,40,55.05,15,1871.7
2023-03-18,Smartphone,East,16,118.39,10,1704.816
2022-03-13,Smartwatch,North,42,114.54,20,3848.5440000000003
2023-11-12,Monitor,South,19,172.62,5,3115.791
2022-12-05,Laptop,South,32,186.79,20,4781.824
2023-10-01,Smartphone,North,27,117.04,20,2528.0640000000003
2022-11-18,Wireless Mouse,West,36,378.8,5,12954.960000000001
2023-11-11,Laptop,South,31,269.94,15,7112.918999999999
2022-05-08,External Hard Drive,South,4,498.35,20,1594.7200000000003
2022-11-04,Headphones,West,6,413.61,10,2233.494
2023-06-04,Monitor,South,18,490.76,10,7950.312000000001
2022-11-13,Monitor,East,25,14.31,15,304.0875
2023-11-14,Printer,East,9,337.78,15,2584.0169999999994
2023-02-23,Keyboard,West,27,228.38,15,5241.321
2022-12-01,Smartphone,West,13,453.2,0,5891.599999999999
2023-02-17,Keyboard,East,42,310.71,0,13049.82
2023-12-15,USB-C Cable,East,34,314.35,10,9619.110000000002
2022-10-30,Keyboard,East,16,479.86,20,6142.2080000000005
2023-07-22,Smartwatch,East,41,344.45,0,14122.449999999999
2022-05-11,Smartwatch,West,35,167.26,20,4683.28
2022-07-16,Laptop,West,2,458.81,5,871.7389999999999
2023-03-07,Wireless Mouse,North,25,473.04,10,10643.4
2023-11-12,Smartphone,West,46,199.08,0,9157.68
2023-01-24,Smartphone,East,23,274.72,10,5686.704000000001
2023-11-25,Smartwatch,South,31,148.59,5,4375.9755
2022-06-28,Wireless Mouse,East,35,456.55,5,15180.287499999999
2023-09-23,Laptop,East,32,412.83,10,11889.503999999999
2023-08-06,USB-C Cable,West,23,193.73,0,4455.79
2022-11-05,Printer,North,37,403.38,10,13432.554
2023-02-20,Monitor,South,33,228.32,20,6027.648
2023-07-16,Printer,South,21,31.49,20,529.032
2022-01-01,Smartwatch,North,25,450.16,20,9003.2
2022-11-08,Printer,East,18,104.33,20,1502.352
2022-10-21,Monitor,West,12,261.81,20,2513.376
2022-08-04,USB-C Cable,East,2,474.62,5,901.778
2023-03-17,Headphones,South,21,92.02,0,1932.4199999999998
2023-08-17,External Hard Drive,South,39,478.58,0,18664.62
2023-09-14,Laptop,East,15,273.61,15,3488.5275
2023-11-02,Keyboard,South,2,13.59,10,24.462
2022-11-26,Monitor,West,50,42.08,5,1998.8
2023-04-22,Laptop,South,18,338.46,5,5787.665999999999
2023-03-29,USB-C Cable,West,4,389.06,10,1400.616
2023-03-29,Smartwatch,East,31,433.83,10,12103.857
2023-11-23,Printer,East,34,217.86,20,5925.792000000001
2022-08-07,External Hard Drive,West,23,60.92,5,1331.102
2023-06-08,USB-C Cable,West,50,273.5,5,12991.25
2023-04-30,Wireless Mouse,West,38,354.34,10,12118.427999999998
2022-06-23,Headphones,South,15,488.35,10,6592.725
2023-11-06,Monitor,East,11,389.85,0,4288.35
2022-03-28,Smartwatch,South,7,326.81,20,1830.1360000000002
2022-10-18,Wireless Mouse,South,16,470.48,15,6398.528
2023-06-12,Wireless Mouse,West,43,375.98,20,12933.712000000001
2023-11-11,Headphones,South,16,85.34,5,1297.168
2023-10-11,USB-C Cable,North,18,235.02,0,4230.360000000001
2023-09-27,Headphones,North,35,172.54,10,5435.01
2022-12-10,Smartphone,North,48,52.89,15,2157.9120000000003
2022-04-06,USB-C Cable,North,4,36.59,5,139.042
2022-08-29,USB-C Cable,North,49,399.17,15,16625.430500000002
2023-11-20,Keyboard,West,15,283.46,20,3401.52
2022-11-14,Laptop,South,37,291.73,0,10794.01
2022-08-19,Wireless Mouse,South,25,121.55,20,2431.0
2022-07-23,Printer,North,23,136.74,10,2830.5180000000005
2022-05-31,Monitor,South,12,200.14,0,2401.68
2022-01-26,Smartphone,North,12,318.81,20,3060.5760000000005
2022-02-17,Smartphone,South,16,222.18,15,3021.648
2022-09-08,Monitor,West,38,18.28,0,694.6400000000001
2023-05-02,External Hard Drive,East,21,339.92,0,7138.320000000001
2023-09-18,Headphones,North,48,272.07,10,11753.424
2022-03-16,External Hard Drive,West,45,324.3,10,13134.15
2023-04-12,External Hard Drive,West,23,312.99,15,6118.9545
2023-03-01,Keyboard,North,38,380.42,15,12287.566
2023-10-07,Laptop,North,2,296.95,0,593.9
2023-08-13,Monitor,West,46,353.43,5,15444.891
2022-07-19,Wireless Mouse,North,45,45.57,20,1640.5200000000002
2023-12-15,Monitor,North,23,464.74,0,10689.02
2023-01-29,Wireless Mouse,East,37,62.01,15,1950.2144999999998
2023-05-22,Printer,East,37,395.58,0,14636.46
2023-02-14,Laptop,North,10,157.66,10,1418.94
2022-09-07,Keyboard,West,37,52.39,20,1550.7440000000001
2022-06-01,Smartwatch,South,13,384.98,0,5004.74
2023-11-03,Monitor,North,32,224.46,10,6464.448
2023-12-06,Smartwatch,North,35,203.61,20,5701.080000000001
2022-01-06,Monitor,South,20,333.75,20,5340.0
2022-04-20,Monitor,South,12,242.25,5,2761.65
2023-03-12,USB-C Cable,South,32,271.4,10,7816.32
2022-08-13,Laptop,East,3,76.83,20,184.39200000000002
2022-06-30,Monitor,East,6,201.59,5,1149.0629999999999
2023-12-14,Wireless Mouse,East,4,400.77,5,1522.926
2023-06-15,Keyboard,West,15,277.4,0,4161.0
2023-04-21,Smartphone,North,39,480.47,15,15927.580500000002
2022-02-21,Smartwatch,East,15,80.6,15,1027.6499999999999
2023-07-25,Printer,West,2,341.87,20,546.9920000000001
2022-09-13,Keyboard,West,34,457.94,20,12455.968
2022-05-05,Laptop,South,31,399.56,20,9909.088000000002
2023-04-13,Monitor,South,1,367.37,0,367.37
2022-05-17,Laptop,East,22,192.83,5,4030.147
2023-04-21,Headphones,North,40,475.24,15,16158.159999999998
2023-11-15,Monitor,North,13,281.23,10,3290.391
2023-06-28,Smartwatch,North,9,281.98,15,2157.147
2023-07-27,Monitor,West,22,70.39,5,1471.1509999999998
2023-09-02,External Hard Drive,West,46,12.46,5,544.5020000000001
2022-11-21,Laptop,West,12,302.36,10,3265.4880000000003
2023-03-30,Monitor,West,21,273.2,0,5737.2
2023-09-20,USB-C Cable,North,4,474.02,15,1611.668
2023-06-01,Keyboard,North,2,159.3,20,254.88000000000002
2023-03-13,Headphones,South,10,376.67,0,3766.7000000000003
2023-07-16,Keyboard,North,38,452.74,20,13763.296
2023-04-02,Smartphone,West,46,178.49,15,6978.959000000001
2022-06-12,Laptop,West,10,212.2,10,1909.8
2023-05-02,External Hard Drive,East,50,326.51,0,16325.5
2023-04-06,Laptop,North,8,261.15,15,1775.8199999999997
2022-09-23,External Hard Drive,North,34,88.87,20,2417.264
2022-09-11,External Hard Drive,South,24,118.19,15,2411.076
2023-10-15,Headphones,South,5,419.03,5,1990.3924999999995
2022-10-11,Keyboard,West,24,105.22,5,2399.0159999999996
2023-06-18,Keyboard,East,46,98.87,15,3865.8170000000005
2023-05-12,Smartphone,North,43,401.83,20,13822.952
2023-10-04,Headphones,North,26,427.6,5,10561.72
2022-09-02,Laptop,East,38,427.18,15,13797.914
2022-10-09,Smartphone,North,7,466.86,15,2777.817
2023-03-27,USB-C Cable,South,22,497.21,20,8750.895999999999
2022-03-21,Headphones,East,20,236.02,5,4484.38
2024-01-01,Smartphone,North,21,279.34,20,4692.911999999999
2022-10-20,Smartwatch,South,9,152.42,20,1097.424
2022-08-29,Smartphone,South,11,43.01,20,378.488
2022-10-06,Laptop,West,47,58.12,5,2595.0579999999995
2022-12-10,Smartphone,North,28,365.54,5,9723.364
2022-11-24,Printer,East,41,248.72,0,10197.52
2023-07-08,Printer,South,32,172.12,10,4957.0560000000005
2022-03-24,Smartwatch,South,42,72.83,15,2600.031
2022-05-22,Smartwatch,West,21,331.18,10,6259.302
2022-06-04,Printer,East,12,59.02,20,566.592
2022-08-25,Smartwatch,West,46,313.56,0,14423.76
2023-01-28,Smartwatch,South,36,451.06,0,16238.16
2023-12-12,Keyboard,North,45,165.72,15,6338.79
2022-06-06,Keyboard,East,40,230.82,15,7847.879999999999
2023-12-25,Smartphone,North,23,312.01,10,6458.607
2022-08-08,Printer,North,15,159.78,10,2157.0299999999997
2022-03-07,Laptop,West,43,296.24,5,12101.403999999999
2023-03-01,Printer,South,38,287.12,10,9819.503999999999
2023-02-22,Printer,North,12,188.6,10,2036.8799999999999
2022-12-05,USB-C Cable,East,25,165.0,20,3300.0
2023-07-10,USB-C Cable,West,20,219.87,0,4397.4
2023-04-23,Smartwatch,East,47,12.37,10,523.251
2023-03-02,Wireless Mouse,North,45,130.63,5,5584.432499999999
2022-03-05,Keyboard,East,19,118.55,10,2027.205
2022-07-31,External Hard Drive,West,9,372.51,20,2682.072
2023-03-07,Laptop,West,12,223.7,15,2281.74
2023-02-03,USB-C Cable,South,47,421.65,20,15854.04
2023-08-22,Printer,East,1,75.81,5,72.0195
2023-12-14,Printer,West,45,369.16,15,14120.37
2022-01-21,Wireless Mouse,West,37,440.16,0,16285.92
2023-08-13,Wireless Mouse,South,26,236.8,5,5848.96
2023-01-25,Keyboard,West,50,185.78,5,8824.55
2023-05-04,USB-C Cable,North,37,159.68,10,5317.344
2022-01-07,Laptop,East,3,280.32,5,798.912
2022-12-27,Laptop,South,12,96.13,0,1153.56
2022-11-02,Smartwatch,North,39,307.25,0,11982.75
2023-02-04,Smartwatch,North,21,422.48,0,8872.08
2023-03-06,External Hard Drive,East,40,430.77,5,16369.259999999998
2023-07-06,Monitor,South,15,78.6,20,943.2
2023-07-14,Printer,West,41,273.92,5,10669.184000000001
2023-09-10,Smartwatch,South,37,138.98,10,4628.034
2022-08-14,External Hard Drive,West,7,444.3,0,3110.1
2023-05-15,Wireless Mouse,East,32,47.47,10,1367.136
2022-08-13,Printer,East,10,46.95,0,469.5
2022-10-07,Smartwatch,North,22,19.13,10,378.77399999999994
2023-03-23,Headphones,North,48,258.52,15,10547.615999999998
2023-05-13,Keyboard,North,5,25.29,15,107.48249999999999
2022-01-30,Smartwatch,East,16,295.13,0,4722.08
2023-02-03,Printer,West,23,208.52,10,4316.3640000000005
2022-12-11,External Hard Drive,East,21,299.12,5,5967.444
2023-11-16,Smartphone,East,11,454.09,20,3995.992
2023-11-27,Wireless Mouse,North,41,280.28,5,10916.905999999999
2023-02-19,Printer,South,6,276.3,5,1574.91
2022-06-19,Laptop,North,46,499.38,20,18377.184
2023-04-24,Keyboard,South,43,241.33,20,8301.752
2022-05-11,Laptop,West,41,389.85,10,14385.465
2023-09-30,External Hard Drive,West,47,189.25,20,7115.8
2023-07-01,Smartphone,West,22,119.42,15,2233.154
2022-01-28,Wireless Mouse,North,29,388.35,20,9009.720000000001
2023-02-08,Headphones,North,1,369.28,5,350.816
2023-08-30,Printer,North,17,152.59,0,2594.03
2023-08-01,Printer,East,14,237.7,15,2828.6299999999997
2023-11-10,External Hard Drive,North,16,260.1,20,3329.2800000000007
2022-01-28,External Hard Drive,East,45,204.42,20,7359.12
2022-03-27,Smartwatch,West,5,256.06,0,1280.3
2023-10-21,Smartphone,North,23,334.71,10,6928.497
2023-03-15,Keyboard,East,17,425.51,5,6871.9865
2022-05-19,Keyboard,West,7,405.2,0,2836.4
2023-04-18,USB-C Cable,West,47,310.88,10,13150.224
2022-07-06,Monitor,North,1,91.26,5,86.697
2022-02-21,Monitor,South,4,261.93,20,838.176
2022-09-24,Keyboard,South,25,228.65,10,5144.625
2023-01-24,Smartwatch,West,29,97.78,0,2835.62
2022-12-02,Wireless Mouse,South,47,474.87,15,18971.0565
2022-08-05,Keyboard,South,27,333.11,0,8993.970000000001
2023-04-11,Laptop,East,11,484.19,0,5326.09
2022-12-01,Keyboard,East,27,370.6,15,8505.27
2022-12-12,Laptop,East,32,246.92,10,7111.295999999999
2023-01-24,External Hard Drive,West,25,185.81,10,4180.725
2022-10-12,Monitor,South,23,117.22,0,2696.06
2023-03-08,USB-C Cable,North,35,248.94,0,8712.9
2022-09-16,USB-C Cable,South,25,40.8,10,917.9999999999999
2022-03-25,Smartwatch,West,7,191.02,15,1136.569
2023-04-27,Smartphone,East,31,30.98,5,912.361
2022-01-20,Keyboard,West,37,111.32,15,3501.014
2023-07-07,Laptop,East,42,454.79,20,15280.944000000001
2022-02-23,Smartwatch,West,49,187.01,0,9163.49
2022-12-25,Smartphone,North,44,240.14,10,9509.544
2022-08-18,Keyboard,East,15,232.78,15,2967.9449999999997
2023-10-28,USB-C Cable,East,11,32.75,20,288.2
2022-03-12,Monitor,South,29,490.49,20,11379.368000000002
2023-10-30,Smartphone,West,5,168.79,0,843.9499999999999
2022-02-11,Smartwatch,South,3,354.83,5,1011.2655
2022-02-01,Laptop,West,19,265.47,5,4791.7335
2022-09-11,USB-C Cable,North,2,416.53,20,666.448
2022-07-24,External Hard Drive,South,21,419.09,15,7480.7564999999995
2022-01-21,Monitor,East,17,139.02,20,1890.6720000000003
2023-09-29,Keyboard,North,7,276.73,0,1937.1100000000001
2022-06-06,Smartphone,West,5,95.19,0,475.95
2022-09-02,External Hard Drive,East,22,330.3,5,6903.27
2022-05-10,Laptop,West,11,189.0,20,1663.2
2023-04-30,Monitor,East,25,330.13,10,7427.925
2023-11-17,External Hard Drive,West,11,419.38,10,4151.862
2022-04-28,Keyboard,East,47,263.16,15,10513.242
2023-08-01,Wireless Mouse,West,5,194.4,15,826.1999999999999
2022-08-12,Keyboard,South,36,454.55,5,15545.61
2023-04-22,USB-C Cable,East,6,263.02,0,1578.12
2023-12-18,Smartphone,East,22,182.92,10,3621.816
2022-09-20,Headphones,South,39,435.18,10,15274.818000000001
2023-01-13,Keyboard,West,40,248.56,10,8948.16
2022-06-21,Printer,East,31,246.23,10,6869.817
2023-09-13,Headphones,South,46,306.06,5,13374.822
2023-09-14,Headphones,West,2,255.9,20,409.44000000000005
2022-04-28,Smartphone,East,28,78.09,10,1967.868
2022-06-17,Smartphone,East,42,91.15,0,3828.3
2022-11-15,Laptop,West,11,47.77,10,472.92300000000006
2022-04-21,USB-C Cable,South,39,325.3,15,10783.695
2023-08-16,Laptop,East,28,113.64,0,3181.92
2022-01-27,External Hard Drive,West,11,101.58,20,893.904
2022-11-16,External Hard Drive,East,4,187.49,10,674.964
2023-08-13,External Hard Drive,West,7,361.48,5,2403.842
2023-11-25,Wireless Mouse,East,22,67.98,5,1420.7820000000002
2023-01-20,Keyboard,North,14,122.87,10,1548.162
2023-02-11,Smartwatch,South,13,407.47,15,4502.543500000001
2022-07-23,Smartphone,South,27,362.93,5,9309.1545
2022-03-19,Smartwatch,North,45,245.94,0,11067.3
2023-08-30,Monitor,West,36,244.62,15,7485.371999999999
2023-12-09,Smartphone,South,47,113.24,20,4257.824
2023-10-05,Smartphone,West,47,89.01,20,3346.7760000000003
2022-09-06,Smartphone,East,35,418.35,5,13910.137499999999
2022-04-15,Smartwatch,North,17,21.0,15,303.45
2023-12-15,Smartphone,West,43,31.14,5,1272.069
2022-11-05,Printer,West,19,291.01,20,4423.352
2023-12-02,Wireless Mouse,South,20,88.95,5,1690.05
2023-09-07,Monitor,East,16,318.47,15,4331.192
2022-05-04,Keyboard,South,7,29.2,10,183.96
2023-08-03,Headphones,East,4,290.41,20,929.3120000000001
2022-02-12,Printer,South,26,37.4,10,875.16
2022-12-22,Smartwatch,West,37,136.55,15,4294.4975
2023-06-30,USB-C Cable,West,36,98.22,20,2828.7360000000003
2023-03-15,Printer,North,32,479.54,5,14578.016
2023-11-09,Headphones,West,10,303.69,5,2885.055
2023-01-15,External Hard Drive,West,4,286.17,5,1087.446
2022-03-12,Headphones,West,24,19.12,20,367.10400000000004
2023-06-03,USB-C Cable,West,1,362.58,20,290.064
2023-10-26,Printer,North,28,334.26,5,8891.315999999999
2022-12-16,Headphones,East,6,148.89,5,848.6729999999999
2022-01-13,Keyboard,North,19,52.02,10,889.5420000000001
2023-03-07,Smartwatch,North,43,230.11,20,7915.7840000000015
2023-05-17,Printer,South,41,496.46,5,19337.117
2022-04-19,Printer,East,39,434.98,15,14419.587000000001
2023-03-20,USB-C Cable,South,31,93.58,5,2755.931
2023-01-06,Monitor,North,13,416.88,20,4335.552
2023-10-13,External Hard Drive,West,7,304.41,5,2024.3265000000001
2023-04-16,External Hard Drive,East,2,399.36,10,718.8480000000001
2023-12-26,Monitor,West,14,412.02,0,5768.28
2022-06-06,Smartphone,North,11,99.12,20,872.2560000000002
2023-03-22,Headphones,North,41,333.23,20,10929.944000000001
2022-06-30,Smartwatch,North,19,139.62,0,2652.78
2023-06-19,Smartphone,East,6,364.85,5,2079.6450000000004
2023-10-29,USB-C Cable,South,31,177.91,10,4963.689
2022-10-04,Wireless Mouse,South,8,232.2,5,1764.7199999999998
2023-09-23,Printer,West,20,299.39,0,5987.799999999999
2023-07-06,Keyboard,East,26,122.61,10,2869.074
2023-05-11,External Hard Drive,West,31,198.88,15,5240.487999999999
2023-04-22,Laptop,West,32,63.2,15,1719.04
2023-03-23,External Hard Drive,South,43,109.15,10,4224.105
2023-08-30,Laptop,East,17,431.2,15,6230.839999999999
2022-10-02,USB-C Cable,North,6,257.14,10,1388.556
2022-11-27,Laptop,West,42,215.7,5,8606.429999999998
2022-09-09,Smartphone,North,35,83.28,5,2769.06
2022-03-30,USB-C Cable,East,25,57.19,0,1429.75
2022-10-13,Printer,West,12,243.18,5,2772.252
2023-04-07,External Hard Drive,North,24,311.23,5,7096.044
2022-09-07,Smartphone,North,25,29.13,0,728.25
2023-04-21,Monitor,South,24,394.1,20,7566.720000000001
2023-08-07,Laptop,East,12,256.63,20,2463.648
2023-09-17,Headphones,East,29,67.58,10,1763.838
2023-11-16,Printer,East,3,246.3,20,591.1200000000001
2023-01-24,Keyboard,West,17,73.86,20,1004.496
2022-12-11,Wireless Mouse,South,29,305.7,20,7092.24
2022-01-30,Monitor,West,30,415.49,5,11841.465
2023-05-22,Wireless Mouse,East,17,449.51,20,6113.336
2022-11-29,Monitor,West,15,389.69,5,5553.0825
2022-07-06,External Hard Drive,North,18,328.12,5,5610.852
2023-05-15,Keyboard,West,37,265.8,0,9834.6
2022-08-06,Headphones,West,4,191.48,10,689.328
2022-12-30,Monitor,East,10,31.28,0,312.8
2022-09-22,Laptop,North,49,269.61,15,11229.256500000001
2022-12-15,Keyboard,East,45,122.45,5,5234.7375
2022-10-14,Headphones,North,43,403.13,20,13867.672
2023-09-03,Wireless Mouse,North,7,396.88,20,2222.528
2023-12-20,Keyboard,North,6,196.81,15,1003.7310000000001
2022-10-10,Laptop,East,43,298.63,10,11556.981
2023-07-24,Keyboard,North,23,373.28,5,8156.167999999999
2022-01-11,Smartphone,South,35,383.15,15,11398.7125
2023-06-14,Smartphone,South,27,351.39,15,8064.400499999999
2022-07-15,Wireless Mouse,South,49,57.88,15,2410.702
2022-03-29,USB-C Cable,South,38,75.6,5,2729.1599999999994
2022-09-05,Printer,East,15,243.8,5,3474.1499999999996
2023-02-21,Smartphone,West,36,123.93,5,4238.406
2023-05-16,Printer,West,4,430.94,5,1637.572
2023-07-23,Printer,South,25,148.8,0,3720.0000000000005
2022-09-04,Smartwatch,West,34,439.62,15,12705.018
2023-12-09,Wireless Mouse,South,27,210.24,0,5676.4800000000005
2023-05-03,Laptop,South,35,102.62,10,3232.53
2023-10-24,Wireless Mouse,West,44,357.48,15,13369.752
2023-12-30,USB-C Cable,West,31,396.82,5,11686.349
2023-05-18,Headphones,North,37,293.21,5,10306.331499999998
2023-04-04,Smartphone,South,16,67.74,5,1029.648
2022-01-18,External Hard Drive,West,31,13.53,0,419.43
2022-04-06,Smartwatch,West,20,330.73,5,6283.87
2022-10-29,External Hard Drive,West,6,347.01,15,1769.751
2022-08-15,Monitor,North,26,164.79,20,3427.632
2023-02-19,Laptop,South,46,187.51,15,7331.640999999999
2023-12-10,USB-C Cable,South,3,85.84,10,231.768
2022-09-07,Headphones,East,33,329.27,15,9236.0235
2022-11-10,USB-C Cable,North,37,134.28,5,4719.941999999999
2023-11-11,Laptop,North,34,428.94,15,12396.365999999998
2023-08-19,Wireless Mouse,South,37,217.55,15,6841.9475
2023-01-13,Headphones,East,44,189.17,0,8323.48
2023-04-30,Monitor,East,40,145.02,20,4640.64
2023-07-21,Smartwatch,South,10,343.5,15,2919.75
2023-06-28,Printer,West,8,379.94,10,2735.568
2022-12-19,Laptop,North,49,212.48,15,8849.792
2023-03-12,Laptop,East,29,394.06,20,9142.192000000001
2023-07-18,Printer,West,12,246.41,20,2365.536
2022-12-05,Smartwatch,East,11,191.4,20,1684.3200000000002
2022-12-27,External Hard Drive,West,14,281.91,20,3157.3920000000003
2023-12-21,Wireless Mouse,West,13,134.35,20,1397.24
2023-04-10,External Hard Drive,North,9,160.26,0,1442.34
2022-10-05,Smartwatch,East,3,178.73,20,428.952
2022-11-10,Headphones,East,28,355.69,0,9959.32
2022-09-15,Smartphone,West,6,370.53,15,1889.7029999999997
2022-08-25,USB-C Cable,South,44,428.95,15,16042.73
2022-05-04,Monitor,East,28,333.05,0,9325.4
2022-07-17,Wireless Mouse,North,13,376.43,5,4648.9105
2022-11-20,Smartwatch,South,41,228.83,20,7505.624000000001
2022-05-03,Keyboard,East,10,352.66,20,2821.2800000000007
2023-07-03,Headphones,North,39,89.28,15,2959.632
2023-12-08,Smartwatch,South,17,115.08,0,1956.36
2022-07-09,Monitor,East,21,206.27,20,3465.3360000000002
2022-07-16,Smartphone,North,47,175.83,15,7024.4085
2022-08-10,Laptop,South,5,279.78,20,1119.12
2023-05-11,External Hard Drive,East,6,351.56,0,2109.36
2022-10-11,Keyboard,South,25,356.33,5,8462.8375
2023-08-27,Laptop,West,36,88.76,10,2875.824
2023-06-22,External Hard Drive,West,26,482.64,15,10666.344
2023-09-04,External Hard Drive,South,36,12.59,15,385.254
2022-10-17,External Hard Drive,West,21,54.63,10,1032.507
2022-04-13,External Hard Drive,West,18,81.21,10,1315.602
2022-07-18,External Hard Drive,South,34,463.67,15,13400.063
2022-10-31,Wireless Mouse,West,30,223.33,5,6364.905000000001
2022-08-21,Monitor,South,1,41.4,15,35.19
2023-01-05,Printer,South,45,118.67,10,4806.135
2022-07-03,Wireless Mouse,West,40,49.22,20,1575.04
2022-11-06,Monitor,East,38,28.5,0,1083.0
2022-01-15,Keyboard,South,34,198.32,20,5394.304
2023-12-27,USB-C Cable,South,27,492.38,5,12629.547
2023-07-01,Wireless Mouse,East,8,310.84,15,2113.712
2022-05-10,Keyboard,West,27,265.29,15,6088.405500000001
2022-10-08,Laptop,North,10,358.69,0,3586.9
2022-02-16,Keyboard,East,10,302.76,20,2422.08
2022-02-25,Headphones,North,37,473.4,0,17515.8
2023-07-21,Laptop,West,38,411.91,5,14869.951000000001
2022-10-27,Smartwatch,South,38,323.74,20,9841.696000000002
2023-12-16,Keyboard,South,49,225.1,20,8823.92
2022-05-10,Smartphone,West,7,108.84,5,723.786
2023-10-16,Wireless Mouse,West,7,331.87,15,1974.6265
2023-05-18,Keyboard,West,37,403.92,15,12703.284
2022-04-16,External Hard Drive,West,50,150.14,10,6756.299999999999
2022-01-13,Keyboard,West,7,26.47,15,157.4965
2023-08-11,Smartphone,West,19,303.76,0,5771.44
2022-10-19,Printer,West,35,262.75,5,8736.4375
2023-04-26,Printer,South,23,123.52,15,2414.816
2023-05-06,Smartphone,North,27,93.05,20,2009.88
2023-03-28,Smartphone,North,17,27.67,5,446.8705
2022-12-15,Laptop,South,25,127.24,15,2703.85
2022-07-08,Printer,East,42,10.14,0,425.88
2022-02-22,Wireless Mouse,North,32,87.15,10,2509.92
2022-09-16,USB-C Cable,East,37,498.44,10,16598.052
2023-05-05,Headphones,South,39,392.04,5,14525.082
2022-04-27,Wireless Mouse,East,31,183.03,0,5673.93
2022-03-08,Headphones,South,3,203.62,0,610.86
2023-02-15,Wireless Mouse,West,12,297.18,0,3566.16
2023-05-19,Keyboard,West,18,263.69,15,4034.457
2022-03-17,USB-C Cable,North,26,371.09,10,8683.506000000001
2023-08-14,External Hard Drive,North,10,43.62,0,436.2
2023-10-07,Monitor,East,40,54.18,20,1733.76
2023-12-04,External Hard Drive,East,39,149.4,15,4952.610000000001
2022-02-24,Printer,North,44,416.58,20,14663.616000000002
2022-06-05,USB-C Cable,West,45,458.35,20,16500.600000000002
2022-06-02,Wireless Mouse,South,26,180.57,5,4460.079
2023-07-31,Headphones,West,3,482.01,15,1229.1254999999999
2022-11-08,USB-C Cable,North,26,145.49,20,3026.1920000000005
2022-03-29,Keyboard,South,22,307.12,15,5743.144
2022-09-12,Wireless Mouse,East,45,105.32,0,4739.4
2022-05-02,Keyboard,North,16,465.56,5,7076.512
2023-07-26,USB-C Cable,West,4,291.7,10,1050.12
2023-03-03,Laptop,East,48,137.94,20,5296.896000000001
2023-09-13,Keyboard,East,31,209.5,5,6169.775
2023-09-03,Monitor,North,18,62.17,5,1063.107
2023-09-26,Monitor,West,24,45.47,5,1036.716
2022-08-20,Printer,North,2,154.18,5,292.942
2023-06-20,Monitor,South,22,474.04,0,10428.880000000001
2023-01-25,Keyboard,South,20,403.44,15,6858.48
2023-04-07,Smartphone,East,20,478.79,10,8618.220000000001
2023-03-30,Printer,West,18,439.3,10,7116.660000000001
2022-11-01,Printer,South,32,408.44,15,11109.568
2023-08-26,Keyboard,South,45,291.7,10,11813.85
2023-03-16,External Hard Drive,South,44,350.15,5,14636.269999999999
2022-11-09,USB-C Cable,South,7,483.37,0,3383.59
2023-08-06,Laptop,North,15,285.95,5,4074.7875
2023-09-28,Monitor,East,9,387.28,5,3311.2439999999992
2022-03-03,Laptop,East,20,381.16,0,7623.200000000001
2023-09-17,Monitor,South,48,481.01,20,18470.784
2022-04-12,Smartwatch,East,29,234.84,10,6129.324
2022-08-01,Smartphone,East,50,235.75,0,11787.5
2023-10-03,External Hard Drive,East,21,297.54,15,5311.089
2022-08-05,USB-C Cable,East,18,23.4,15,358.02
2022-09-28,Keyboard,North,47,66.97,15,2675.4515
2023-11-08,Laptop,South,27,43.1,20,930.96
2022-03-25,Laptop,West,39,320.49,0,12499.11
2022-06-10,Keyboard,North,42,497.16,20,16704.576
2022-09-03,USB-C Cable,East,6,341.69,15,1742.619
2022-06-27,USB-C Cable,South,13,122.67,5,1514.9745
2023-07-20,Printer,South,29,164.71,5,4537.7605
2022-03-18,Smartwatch,South,14,478.17,20,5355.504000000001
2022-06-10,Monitor,South,27,263.09,15,6037.915499999999
2022-01-03,Smartphone,East,48,14.76,15,602.208
2023-02-23,Printer,South,32,417.77,15,11363.344
2023-04-07,Keyboard,West,49,131.65,15,5483.2225
2023-12-07,Printer,West,34,55.57,0,1889.38
2023-09-01,Wireless Mouse,South,24,340.11,20,6530.112000000001
2023-04-27,Keyboard,East,4,412.33,20,1319.4560000000001
2022-10-26,Smartwatch,West,33,47.25,0,1559.25
2022-02-03,Monitor,West,11,466.38,5,4873.671
2022-08-26,USB-C Cable,West,5,243.51,20,974.04
2022-10-23,Wireless Mouse,North,20,183.23,10,3298.14
2023-12-25,Laptop,North,46,448.21,20,16494.128
2022-10-17,Monitor,West,33,141.85,20,3744.84
2023-12-21,Keyboard,East,26,474.09,5,11710.023
2023-04-10,External Hard Drive,East,9,344.72,0,3102.4800000000005
2022-03-14,Smartphone,West,50,455.86,5,21653.35
2023-12-05,Wireless Mouse,West,34,254.51,5,8220.672999999999
2022-08-28,Smartphone,East,37,107.84,0,3990.08
2022-09-28,Smartwatch,North,2,370.36,10,666.648
2023-10-03,Printer,North,12,437.64,0,5251.68
2023-08-27,Wireless Mouse,West,13,111.32,5,1374.802
2023-11-09,Smartphone,East,13,109.36,0,1421.68
2022-07-22,Laptop,North,4,132.35,20,423.52
